P1D, Name, DOB, Gender, Blood Group, Email, Phone number
P1001,Alice Brown,1980-05-14,Female,A+,alice.brown@example.com,93326577
P1002,Bob Stone,1975-11-22,Male,B+,bob.stone@example.com,88245201
P1003,Ash,2001-11-02,Malwe,O,ash@gmail.com,99292929
P1004,Vishesh,1999-09-01,Male,O+,vish@gmail.com,99999999
P1005,Ashwin,1999-11-01,Male,O+,ashwin@gmail.com,99999999
P1006,Arun,1999-11-01,Male,O+,arun@gmail.com,99999999
P1007,Preet,2005-03-17,Male,O+,prett@gmail.com,4564565
P1008,Suraj,2005-11-12,Male,A+,suraj@gmail.com,67895476
P1009,Vishesh,2005-03-17,male,b+,visheh@gmail.com,80874296
P1010,Arun,2005-05-05,Male,b+,vidsn@sdfn.com,12354678
P1011,jhg,2024-11-12,male,b+,po@dfg.com,12345678
P1012,vusdbn,1234-12-12,male,b+,sdf@sdf.com,12341234
P1013,sdgsfg,1234-12-12,male,b+,sdfd@ads.com,12344567
P1014,vishesh,1234-12-12,male,b+,asd@sd.com,12344321
P1015,vishesh,2005-12-12,male,b+,sndv@dsf.com,80874296
P1016,vishesh,2005-04-05,male,b+,dfv@asd.com,80874296
P1017,sdf,1234-12-12,male,b+,sdf@wd.com,12341234
P1018,dsfs,1234-12-12,male,b+,csvs@sd.com,12344321
P1019,asd,1234-12-12,male,b+,vish@wdn.com,12344321
P1020,preet,1234-12-12,male,b+,sdfds@sdfsd.com,12344567
